<?xml version="1.0" encoding="utf-8"?>
<extension
        type="module"
        version="2.5"
        client="site"
        method="install">
    <name>mod_teacherblog</name>
    <author>Vadimka=)</author>
    <creationDate>2013</creationDate>
    <copyright>Copyright (C) 2005 - 2012 Open Source Matters. All rights reserved.</copyright>
    <license>GNU General Public License version 2 or later; see LICENSE.txt</license>
    <authorEmail>admin@joomla.org</authorEmail>
    <version>1.0</version>
    <description>MOD_FOOTER_XML_DESCRIPTION</description>
    <files>
        <filename module="mod_teacherblog">mod_teacherblog.php</filename>
        <folder>tmpl</folder>
        <filename>index.html</filename>
        <filename>mod_teacherblog.xml</filename>
    </files>
    <languages>
    </languages>
    <help key="" />
    <config>
        <fields name="params">
            <fieldset name="basic">

                <field
                        name="name"
                        type="text"
                        label="username"
                        description="enter your name" />

            </fieldset>
        </fields>
    </config>
</extension>